create table airport(Airp_Code varchar(50) primary key,name varchar(50),city varchar(50),state varchar(50));
create table airplane_type(type_name varchar(50) primary key,company varchar(50),max_seats int);
create table can_land(airp_code varchar(50) references airport(airp_code),type_name varchar(50) references airplane_type(type_name));
create table airplane(airplane_id varchar(50) primary key,total_no_of_seats int,type_name varchar(50) references airplane_type(type_name));
create table flight_leg(leg_no int primary key,airp_code varchar(50) references airport(airp_code),scheduled_arr_time date,scheduled_depart_time date,fl_number varchar(50) references flight(fl_number));
create table leg_instance(l_date date primary key,no_of_available_Seats int,airplane_id varchar(50) references airplane(airplane_id),airp_code varchar(50) references airport(airp_code),leg_no int references flight_leg(leg_no),scheduled_arr_time date,scheduled_depart_time date);
create table flight(fl_number varchar(50) primary key,airline varchar(50),weekdays varchar(50));
create table fare(code varchar(50) primary key,amount float,restrictions varchar(50),fl_number varchar(50) references flight(fl_number));
create table seats(seat_no int primary key,customer_name varchar(50),cust_phone number(13),l_date date references leg_instance(l_date));


insert into airport values('ARP1','Car Nicobar Air Force Base','Mumbai','Maharshttra');
insert into airport values('ARP2','Shillong Airport','Shirpur','West Bengal');
insert into airport values('ARP3','Jaipur International Airport','Karnal','Chattisgadh');
insert into airport values('ARP4','Malda Airport','Nellore','Goa');
insert into airport values('ARP5','Jaipur International Airport','Karnal','Chattisgadh');
insert into airport values('ARP6','Gorakhpur Airport','Hyderabad','Zarkhand');
insert into airport values('ARP7','Shirpur Airport','Nagpur','Himachal Prades');
insert into airport values('ARP8','Jaipur International Airport','Karnal','Chattisgadh');
insert into airport values('ARP9','Jaipur International Airport','Karnal','Chattisgadh');
insert into airport values('ARP10','Navi Mumbai International Airport','Kolhapur','Rajsthan');
insert into airport values('ARP11','Chhatrapati Shivaji International Airport','Nashik','Tamilnadu');
insert into airport values('ARP12','Tambaram Air Force Station','Akola','Punjab');
insert into airport values('ARP13','Chhatrapati Shivaji International Airport','Nashik','Tamilnadu');
insert into airport values('ARP14','Amravati Airport','Kocchi','Utter Prades');
insert into airport values('ARP15','Malda Airport','Nellore','Goa');
insert into airport values('ARP16','Shirpur Airport','Nagpur','Himachal Prades');
insert into airport values('ARP17','Gondia Airport','Chandrapur','Haryana');
insert into airport values('ARP18','Shillong Airport','Shirpur','West Bengal');
insert into airport values('ARP19','Ozar Airport','Jalgao','Karantaka');
insert into airport values('ARP20','Akola Airport','Delhi','Madhya Pradesh');
insert into airport values('ARP21','Shillong Airport','Shirpur','West Bengal');
insert into airport values('ARP22','Gondia Airport','Chandrapur','Haryana');
insert into airport values('ARP23','Amravati Airport','Kocchi','Utter Prades');
insert into airport values('ARP24','Akola Airport','Delhi','Madhya Pradesh');
insert into airport values('ARP25','Ozar Airport','Jalgao','Karantaka');
insert into airport values('ARP26','Malda Airport','Nellore','Goa');
insert into airport values('ARP27','Chhatrapati Shivaji International Airport','Nashik','Tamilnadu');
insert into airport values('ARP28','Juhu Aerodrome','Latur','Kerala');
insert into airport values('ARP29','Navi Mumbai International Airport','Kolhapur','Rajsthan');
insert into airport values('ARP30','Chhatrapati Shivaji International Airport','Nashik','Tamilnadu');
insert into airport values('ARP31','Malda Airport','Nellore','Goa');
insert into airport values('ARP32','Chhatrapati Shivaji International Airport','Nashik','Tamilnadu');
insert into airport values('ARP33','Malda Airport','Nellore','Goa');
insert into airport values('ARP34','Shirpur Airport','Nagpur','Himachal Prades');
insert into airport values('ARP35','Amravati Airport','Kocchi','Utter Prades');
insert into airport values('ARP36','Malda Airport','Nellore','Goa');
insert into airport values('ARP37','Veer Savarkar International Airport','Navi-Mumbai','Gujrat');
insert into airport values('ARP38','Amravati Airport','Kocchi','Utter Prades');
insert into airport values('ARP39','Veer Savarkar International Airport','Navi-Mumbai','Gujrat');
insert into airport values('ARP40','Shillong Airport','Shirpur','West Bengal');
insert into airport values('ARP41','Tambaram Air Force Station','Akola','Punjab');
insert into airport values('ARP42','Navi Mumbai International Airport','Kolhapur','Rajsthan');
insert into airport values('ARP43','Veer Savarkar International Airport','Navi-Mumbai','Gujrat');
insert into airport values('ARP44','Akola Airport','Delhi','Madhya Pradesh');
insert into airport values('ARP45','Chhatrapati Shivaji International Airport','Nashik','Tamilnadu');
insert into airport values('ARP46','Jaipur International Airport','Karnal','Chattisgadh');
insert into airport values('ARP47','Juhu Aerodrome','Latur','Kerala');
insert into airport values('ARP48','Car Nicobar Air Force Base','Mumbai','Maharshttra');
insert into airport values('ARP49','Shillong Airport','Shirpur','West Bengal');
insert into airport values('ARP50','Gondia Airport','Chandrapur','Haryana');
insert into airport values('ARP51','Navi Mumbai International Airport','Kolhapur','Rajsthan');
insert into airport values('ARP52','Shirpur Airport','Nagpur','Himachal Prades');
insert into airport values('ARP53','Gorakhpur Airport','Hyderabad','Zarkhand');
insert into airport values('ARP54','Veer Savarkar International Airport','Navi-Mumbai','Gujrat');
insert into airport values('ARP55','Amravati Airport','Kocchi','Utter Prades');
insert into airport values('ARP56','Navi Mumbai International Airport','Kolhapur','Rajsthan');
insert into airport values('ARP57','Shillong Airport','Shirpur','West Bengal');
insert into airport values('ARP58','Amravati Airport','Kocchi','Utter Prades');
insert into airport values('ARP59','Shillong Airport','Shirpur','West Bengal');
insert into airport values('ARP60','Juhu Aerodrome','Latur','Kerala');
insert into airport values('ARP61','Shillong Airport','Shirpur','West Bengal');
insert into airport values('ARP62','Jaipur International Airport','Karnal','Chattisgadh');
insert into airport values('ARP63','Chhatrapati Shivaji International Airport','Nashik','Tamilnadu');
insert into airport values('ARP64','Gondia Airport','Chandrapur','Haryana');
insert into airport values('ARP65','Gondia Airport','Chandrapur','Haryana');
insert into airport values('ARP66','Juhu Aerodrome','Latur','Kerala');
insert into airport values('ARP67','Chhatrapati Shivaji International Airport','Nashik','Tamilnadu');
insert into airport values('ARP68','Tambaram Air Force Station','Akola','Punjab');
insert into airport values('ARP69','Shillong Airport','Shirpur','West Bengal');
insert into airport values('ARP70','Veer Savarkar International Airport','Navi-Mumbai','Gujrat');
insert into airport values('ARP71','Veer Savarkar International Airport','Navi-Mumbai','Gujrat');
insert into airport values('ARP72','Chhatrapati Shivaji International Airport','Nashik','Tamilnadu');
insert into airport values('ARP73','Car Nicobar Air Force Base','Mumbai','Maharshttra');
insert into airport values('ARP74','Shirpur Airport','Nagpur','Himachal Prades');
insert into airport values('ARP75','Navi Mumbai International Airport','Kolhapur','Rajsthan');
insert into airport values('ARP76','Juhu Aerodrome','Latur','Kerala');
insert into airport values('ARP77','Malda Airport','Nellore','Goa');
insert into airport values('ARP78','Gondia Airport','Chandrapur','Haryana');
insert into airport values('ARP79','Veer Savarkar International Airport','Navi-Mumbai','Gujrat');
insert into airport values('ARP80','Ozar Airport','Jalgao','Karantaka');
insert into airport values('ARP81','Malda Airport','Nellore','Goa');
insert into airport values('ARP82','Akola Airport','Delhi','Madhya Pradesh');
insert into airport values('ARP83','Juhu Aerodrome','Latur','Kerala');
insert into airport values('ARP84','Veer Savarkar International Airport','Navi-Mumbai','Gujrat');
insert into airport values('ARP85','Akola Airport','Delhi','Madhya Pradesh');
insert into airport values('ARP86','Veer Savarkar International Airport','Navi-Mumbai','Gujrat');
insert into airport values('ARP87','Shirpur Airport','Nagpur','Himachal Prades');
insert into airport values('ARP88','Juhu Aerodrome','Latur','Kerala');
insert into airport values('ARP89','Chhatrapati Shivaji International Airport','Nashik','Tamilnadu');
insert into airport values('ARP90','Ozar Airport','Jalgao','Karantaka');
insert into airport values('ARP91','Navi Mumbai International Airport','Kolhapur','Rajsthan');
insert into airport values('ARP92','Juhu Aerodrome','Latur','Kerala');
insert into airport values('ARP93','Tambaram Air Force Station','Akola','Punjab');
insert into airport values('ARP94','Tambaram Air Force Station','Akola','Punjab');
insert into airport values('ARP95','Akola Airport','Delhi','Madhya Pradesh');
insert into airport values('ARP96','Car Nicobar Air Force Base','Mumbai','Maharshttra');
insert into airport values('ARP97','Shirpur Airport','Nagpur','Himachal Prades');
insert into airport values('ARP98','Gondia Airport','Chandrapur','Haryana');
insert into airport values('ARP99','Gorakhpur Airport','Hyderabad','Zarkhand');
insert into airport values('ARP100','Jaipur International Airport','Karnal','Chattisgadh');
insert into airport values('ARP101','Gondia Airport','Chandrapur','Haryana');
insert into airport values('ARP102','Gondia Airport','Chandrapur','Haryana');
insert into airport values('ARP103','Tambaram Air Force Station','Akola','Punjab');
insert into airport values('ARP104','Shillong Airport','Shirpur','West Bengal');
insert into airport values('ARP105','Car Nicobar Air Force Base','Mumbai','Maharshttra');
insert into airport values('ARP106','Navi Mumbai International Airport','Kolhapur','Rajsthan');
insert into airport values('ARP107','Shirpur Airport','Nagpur','Himachal Prades');
insert into airport values('ARP108','Ozar Airport','Jalgao','Karantaka');
insert into airport values('ARP109','Malda Airport','Nellore','Goa');
insert into airport values('ARP110','Shillong Airport','Shirpur','West Bengal');
insert into airport values('ARP111','Amravati Airport','Kocchi','Utter Prades');
insert into airport values('ARP112','Akola Airport','Delhi','Madhya Pradesh');
insert into airport values('ARP113','Veer Savarkar International Airport','Navi-Mumbai','Gujrat');
insert into airport values('ARP114','Tambaram Air Force Station','Akola','Punjab');
insert into airport values('ARP115','Akola Airport','Delhi','Madhya Pradesh');
insert into airport values('ARP116','Veer Savarkar International Airport','Navi-Mumbai','Gujrat');
insert into airport values('ARP117','Navi Mumbai International Airport','Kolhapur','Rajsthan');
insert into airport values('ARP118','Tambaram Air Force Station','Akola','Punjab');
insert into airport values('ARP119','Jaipur International Airport','Karnal','Chattisgadh');
insert into airport values('ARP120','Car Nicobar Air Force Base','Mumbai','Maharshttra');
insert into airport values('ARP121','Akola Airport','Delhi','Madhya Pradesh');
insert into airport values('ARP122','Ozar Airport','Jalgao','Karantaka');
insert into airport values('ARP123','Gondia Airport','Chandrapur','Haryana');
insert into airport values('ARP124','Car Nicobar Air Force Base','Mumbai','Maharshttra');
insert into airport values('ARP125','Jaipur International Airport','Karnal','Chattisgadh');
insert into airport values('ARP126','Juhu Aerodrome','Latur','Kerala');
insert into airport values('ARP127','Malda Airport','Nellore','Goa');
insert into airport values('ARP128','Car Nicobar Air Force Base','Mumbai','Maharshttra');
insert into airport values('ARP129','Shirpur Airport','Nagpur','Himachal Prades');
insert into airport values('ARP130','Navi Mumbai International Airport','Kolhapur','Rajsthan');
insert into airport values('ARP131','Gorakhpur Airport','Hyderabad','Zarkhand');
insert into airport values('ARP132','Gorakhpur Airport','Hyderabad','Zarkhand');
insert into airport values('ARP133','Juhu Aerodrome','Latur','Kerala');
insert into airport values('ARP134','Navi Mumbai International Airport','Kolhapur','Rajsthan');
insert into airport values('ARP135','Veer Savarkar International Airport','Navi-Mumbai','Gujrat');
insert into airport values('ARP136','Car Nicobar Air Force Base','Mumbai','Maharshttra');
insert into airport values('ARP137','Car Nicobar Air Force Base','Mumbai','Maharshttra');
insert into airport values('ARP138','Gorakhpur Airport','Hyderabad','Zarkhand');
insert into airport values('ARP139','Gondia Airport','Chandrapur','Haryana');
insert into airport values('ARP140','Shirpur Airport','Nagpur','Himachal Prades');
insert into airport values('ARP141','Jaipur International Airport','Karnal','Chattisgadh');
insert into airport values('ARP142','Veer Savarkar International Airport','Navi-Mumbai','Gujrat');
insert into airport values('ARP143','Jaipur International Airport','Karnal','Chattisgadh');
insert into airport values('ARP144','Navi Mumbai International Airport','Kolhapur','Rajsthan');
insert into airport values('ARP145','Amravati Airport','Kocchi','Utter Prades');
insert into airport values('ARP146','Car Nicobar Air Force Base','Mumbai','Maharshttra');
insert into airport values('ARP147','Shillong Airport','Shirpur','West Bengal');
insert into airport values('ARP148','Shillong Airport','Shirpur','West Bengal');
insert into airport values('ARP149','Car Nicobar Air Force Base','Mumbai','Maharshttra');
insert into airport values('ARP150','Navi Mumbai International Airport','Kolhapur','Rajsthan');

insert into airplane_type values('Commercial transport planes','abc',400);
insert into airplane_type values('General aviation planes','def',400);
insert into airplane_type values('Military planes','ghi',400);
insert into airplane_type values('Sea planes','jkl',400);
insert into airplane_type values('Special purpose planes','mno',10);


insert into can_land values('ARP1','Commercial transport planes');
insert into can_land values('ARP2','Commercial transport planes');
insert into can_land values('ARP3','Commercial transport planes');
insert into can_land values('ARP4','Commercial transport planes');
insert into can_land values('ARP5','Commercial transport planes');
insert into can_land values('ARP6','Commercial transport planes');
insert into can_land values('ARP7','Commercial transport planes');
insert into can_land values('ARP8','Commercial transport planes');
insert into can_land values('ARP9','Commercial transport planes');
insert into can_land values('ARP10','Commercial transport planes');
insert into can_land values('ARP11','Commercial transport planes');
insert into can_land values('ARP12','Commercial transport planes');
insert into can_land values('ARP13','Commercial transport planes');
insert into can_land values('ARP14','Commercial transport planes');
insert into can_land values('ARP15','Commercial transport planes');
insert into can_land values('ARP16','Commercial transport planes');
insert into can_land values('ARP17','Commercial transport planes');
insert into can_land values('ARP18','Commercial transport planes');
insert into can_land values('ARP19','Commercial transport planes');
insert into can_land values('ARP20','Commercial transport planes');
insert into can_land values('ARP21','Commercial transport planes');
insert into can_land values('ARP22','Commercial transport planes');
insert into can_land values('ARP23','Commercial transport planes');
insert into can_land values('ARP24','Commercial transport planes');
insert into can_land values('ARP25','Commercial transport planes');
insert into can_land values('ARP26','Commercial transport planes');
insert into can_land values('ARP27','Commercial transport planes');
insert into can_land values('ARP28','Commercial transport planes');
insert into can_land values('ARP29','Commercial transport planes');
insert into can_land values('ARP30','Commercial transport planes');
insert into can_land values('ARP31','Commercial transport planes');
insert into can_land values('ARP32','Commercial transport planes');
insert into can_land values('ARP33','Commercial transport planes');
insert into can_land values('ARP34','Commercial transport planes');
insert into can_land values('ARP35','Commercial transport planes');
insert into can_land values('ARP36','Commercial transport planes');
insert into can_land values('ARP37','Commercial transport planes');
insert into can_land values('ARP38','Commercial transport planes');
insert into can_land values('ARP39','Commercial transport planes');
insert into can_land values('ARP40','Commercial transport planes');
insert into can_land values('ARP41','Commercial transport planes');
insert into can_land values('ARP42','Commercial transport planes');
insert into can_land values('ARP43','Commercial transport planes');
insert into can_land values('ARP44','Commercial transport planes');
insert into can_land values('ARP45','Commercial transport planes');
insert into can_land values('ARP46','Commercial transport planes');
insert into can_land values('ARP47','Commercial transport planes');
insert into can_land values('ARP48','Commercial transport planes');
insert into can_land values('ARP49','Commercial transport planes');
insert into can_land values('ARP50','Commercial transport planes');
insert into can_land values('ARP51','Commercial transport planes');
insert into can_land values('ARP52','Commercial transport planes');
insert into can_land values('ARP53','Commercial transport planes');
insert into can_land values('ARP54','Commercial transport planes');
insert into can_land values('ARP55','Commercial transport planes');
insert into can_land values('ARP56','Commercial transport planes');
insert into can_land values('ARP57','Commercial transport planes');
insert into can_land values('ARP58','Commercial transport planes');
insert into can_land values('ARP59','Commercial transport planes');
insert into can_land values('ARP60','Commercial transport planes');
insert into can_land values('ARP61','Commercial transport planes');
insert into can_land values('ARP62','Commercial transport planes');
insert into can_land values('ARP63','Commercial transport planes');
insert into can_land values('ARP64','Commercial transport planes');
insert into can_land values('ARP65','Commercial transport planes');
insert into can_land values('ARP66','Commercial transport planes');
insert into can_land values('ARP67','Commercial transport planes');
insert into can_land values('ARP68','Commercial transport planes');
insert into can_land values('ARP69','Commercial transport planes');
insert into can_land values('ARP70','Commercial transport planes');
insert into can_land values('ARP71','Commercial transport planes');
insert into can_land values('ARP72','Commercial transport planes');
insert into can_land values('ARP73','Commercial transport planes');
insert into can_land values('ARP74','Commercial transport planes');
insert into can_land values('ARP75','Commercial transport planes');
insert into can_land values('ARP76','Commercial transport planes');
insert into can_land values('ARP77','Commercial transport planes');
insert into can_land values('ARP78','Commercial transport planes');
insert into can_land values('ARP79','Commercial transport planes');
insert into can_land values('ARP80','Commercial transport planes');
insert into can_land values('ARP81','Commercial transport planes');
insert into can_land values('ARP82','Commercial transport planes');
insert into can_land values('ARP83','Commercial transport planes');
insert into can_land values('ARP84','Commercial transport planes');
insert into can_land values('ARP85','Commercial transport planes');
insert into can_land values('ARP86','Commercial transport planes');
insert into can_land values('ARP87','Commercial transport planes');
insert into can_land values('ARP88','Commercial transport planes');
insert into can_land values('ARP89','Commercial transport planes');
insert into can_land values('ARP90','Commercial transport planes');
insert into can_land values('ARP91','Commercial transport planes');
insert into can_land values('ARP92','Commercial transport planes');
insert into can_land values('ARP93','Commercial transport planes');
insert into can_land values('ARP94','Commercial transport planes');
insert into can_land values('ARP95','Commercial transport planes');
insert into can_land values('ARP96','Commercial transport planes');
insert into can_land values('ARP97','Commercial transport planes');
insert into can_land values('ARP98','Commercial transport planes');
insert into can_land values('ARP99','Commercial transport planes');
insert into can_land values('ARP100','Commercial transport planes');
insert into can_land values('ARP101','Commercial transport planes');
insert into can_land values('ARP102','Commercial transport planes');
insert into can_land values('ARP103','Commercial transport planes');
insert into can_land values('ARP104','Commercial transport planes');
insert into can_land values('ARP105','Commercial transport planes');
insert into can_land values('ARP106','Commercial transport planes');
insert into can_land values('ARP107','Commercial transport planes');
insert into can_land values('ARP108','Commercial transport planes');
insert into can_land values('ARP109','Commercial transport planes');
insert into can_land values('ARP110','Commercial transport planes');
insert into can_land values('ARP111','Commercial transport planes');
insert into can_land values('ARP112','Commercial transport planes');
insert into can_land values('ARP113','Commercial transport planes');
insert into can_land values('ARP114','Commercial transport planes');
insert into can_land values('ARP115','Commercial transport planes');
insert into can_land values('ARP116','Commercial transport planes');
insert into can_land values('ARP117','Commercial transport planes');
insert into can_land values('ARP118','Commercial transport planes');
insert into can_land values('ARP119','Commercial transport planes');
insert into can_land values('ARP120','Commercial transport planes');
insert into can_land values('ARP121','Commercial transport planes');
insert into can_land values('ARP122','Commercial transport planes');
insert into can_land values('ARP123','Commercial transport planes');
insert into can_land values('ARP124','Commercial transport planes');
insert into can_land values('ARP125','Commercial transport planes');
insert into can_land values('ARP126','Commercial transport planes');
insert into can_land values('ARP127','Commercial transport planes');
insert into can_land values('ARP128','Commercial transport planes');
insert into can_land values('ARP129','Commercial transport planes');
insert into can_land values('ARP130','Commercial transport planes');
insert into can_land values('ARP131','Commercial transport planes');
insert into can_land values('ARP132','Commercial transport planes');
insert into can_land values('ARP133','Commercial transport planes');
insert into can_land values('ARP134','Commercial transport planes');
insert into can_land values('ARP135','Commercial transport planes');
insert into can_land values('ARP136','Commercial transport planes');
insert into can_land values('ARP137','Commercial transport planes');
insert into can_land values('ARP138','Commercial transport planes');
insert into can_land values('ARP139','Commercial transport planes');
insert into can_land values('ARP140','Commercial transport planes');
insert into can_land values('ARP141','Commercial transport planes');
insert into can_land values('ARP142','Commercial transport planes');
insert into can_land values('ARP143','Commercial transport planes');
insert into can_land values('ARP144','Commercial transport planes');
insert into can_land values('ARP145','Commercial transport planes');
insert into can_land values('ARP146','Commercial transport planes');
insert into can_land values('ARP147','Commercial transport planes');
insert into can_land values('ARP148','Commercial transport planes');
insert into can_land values('ARP149','Commercial transport planes');
insert into can_land values('ARP150','Commercial transport planes');

insert into airplane values('AP1',400,'Commercial transport planes');
insert into airplane values('AP2',400,'Commercial transport planes');
insert into airplane values('AP3',400,'Commercial transport planes');
insert into airplane values('AP4',400,'Commercial transport planes');
insert into airplane values('AP5',400,'Commercial transport planes');
insert into airplane values('AP6',400,'Commercial transport planes');
insert into airplane values('AP7',400,'Commercial transport planes');
insert into airplane values('AP8',400,'Commercial transport planes');
insert into airplane values('AP9',400,'Commercial transport planes');
insert into airplane values('AP10',400,'Commercial transport planes');
insert into airplane values('AP11',400,'Commercial transport planes');
insert into airplane values('AP12',400,'Commercial transport planes');
insert into airplane values('AP13',400,'Commercial transport planes');
insert into airplane values('AP14',400,'Commercial transport planes');
insert into airplane values('AP15',400,'Commercial transport planes');
insert into airplane values('AP16',400,'Commercial transport planes');
insert into airplane values('AP17',400,'Commercial transport planes');
insert into airplane values('AP18',400,'Commercial transport planes');
insert into airplane values('AP19',400,'Commercial transport planes');
insert into airplane values('AP20',400,'Commercial transport planes');
insert into airplane values('AP21',400,'Commercial transport planes');
insert into airplane values('AP22',400,'Commercial transport planes');
insert into airplane values('AP23',400,'Commercial transport planes');
insert into airplane values('AP24',400,'Commercial transport planes');
insert into airplane values('AP25',400,'Commercial transport planes');
insert into airplane values('AP26',400,'Commercial transport planes');
insert into airplane values('AP27',400,'Commercial transport planes');
insert into airplane values('AP28',400,'Commercial transport planes');
insert into airplane values('AP29',400,'Commercial transport planes');
insert into airplane values('AP30',400,'Commercial transport planes');
insert into airplane values('AP31',400,'Commercial transport planes');
insert into airplane values('AP32',400,'Commercial transport planes');
insert into airplane values('AP33',400,'Commercial transport planes');
insert into airplane values('AP34',400,'Commercial transport planes');
insert into airplane values('AP35',400,'Commercial transport planes');
insert into airplane values('AP36',400,'Commercial transport planes');
insert into airplane values('AP37',400,'Commercial transport planes');
insert into airplane values('AP38',400,'Commercial transport planes');
insert into airplane values('AP39',400,'Commercial transport planes');
insert into airplane values('AP40',400,'Commercial transport planes');
insert into airplane values('AP41',400,'Commercial transport planes');
insert into airplane values('AP42',400,'Commercial transport planes');
insert into airplane values('AP43',400,'Commercial transport planes');
insert into airplane values('AP44',400,'Commercial transport planes');
insert into airplane values('AP45',400,'Commercial transport planes');
insert into airplane values('AP46',400,'Commercial transport planes');
insert into airplane values('AP47',400,'Commercial transport planes');
insert into airplane values('AP48',400,'Commercial transport planes');
insert into airplane values('AP49',400,'Commercial transport planes');
insert into airplane values('AP50',400,'Commercial transport planes');
insert into airplane values('AP51',400,'Commercial transport planes');
insert into airplane values('AP52',400,'Commercial transport planes');
insert into airplane values('AP53',400,'Commercial transport planes');
insert into airplane values('AP54',400,'Commercial transport planes');
insert into airplane values('AP55',400,'Commercial transport planes');
insert into airplane values('AP56',400,'Commercial transport planes');
insert into airplane values('AP57',400,'Commercial transport planes');
insert into airplane values('AP58',400,'Commercial transport planes');
insert into airplane values('AP59',400,'Commercial transport planes');
insert into airplane values('AP60',400,'Commercial transport planes');
insert into airplane values('AP61',400,'Commercial transport planes');
insert into airplane values('AP62',400,'Commercial transport planes');
insert into airplane values('AP63',400,'Commercial transport planes');
insert into airplane values('AP64',400,'Commercial transport planes');
insert into airplane values('AP65',400,'Commercial transport planes');
insert into airplane values('AP66',400,'Commercial transport planes');
insert into airplane values('AP67',400,'Commercial transport planes');
insert into airplane values('AP68',400,'Commercial transport planes');
insert into airplane values('AP69',400,'Commercial transport planes');
insert into airplane values('AP70',400,'Commercial transport planes');
insert into airplane values('AP71',400,'Commercial transport planes');
insert into airplane values('AP72',400,'Commercial transport planes');
insert into airplane values('AP73',400,'Commercial transport planes');
insert into airplane values('AP74',400,'Commercial transport planes');
insert into airplane values('AP75',400,'Commercial transport planes');
insert into airplane values('AP76',400,'Commercial transport planes');
insert into airplane values('AP77',400,'Commercial transport planes');
insert into airplane values('AP78',400,'Commercial transport planes');
insert into airplane values('AP79',400,'Commercial transport planes');
insert into airplane values('AP80',400,'Commercial transport planes');
insert into airplane values('AP81',400,'Commercial transport planes');
insert into airplane values('AP82',400,'Commercial transport planes');
insert into airplane values('AP83',400,'Commercial transport planes');
insert into airplane values('AP84',400,'Commercial transport planes');
insert into airplane values('AP85',400,'Commercial transport planes');
insert into airplane values('AP86',400,'Commercial transport planes');
insert into airplane values('AP87',400,'Commercial transport planes');
insert into airplane values('AP88',400,'Commercial transport planes');
insert into airplane values('AP89',400,'Commercial transport planes');
insert into airplane values('AP90',400,'Commercial transport planes');
insert into airplane values('AP91',400,'Commercial transport planes');
insert into airplane values('AP92',400,'Commercial transport planes');
insert into airplane values('AP93',400,'Commercial transport planes');
insert into airplane values('AP94',400,'Commercial transport planes');
insert into airplane values('AP95',400,'Commercial transport planes');
insert into airplane values('AP96',400,'Commercial transport planes');
insert into airplane values('AP97',400,'Commercial transport planes');
insert into airplane values('AP98',400,'Commercial transport planes');
insert into airplane values('AP99',400,'Commercial transport planes');
insert into airplane values('AP100',400,'Commercial transport planes');
insert into airplane values('AP101',400,'Commercial transport planes');
insert into airplane values('AP102',400,'Commercial transport planes');
insert into airplane values('AP103',400,'Commercial transport planes');
insert into airplane values('AP104',400,'Commercial transport planes');
insert into airplane values('AP105',400,'Commercial transport planes');
insert into airplane values('AP106',400,'Commercial transport planes');
insert into airplane values('AP107',400,'Commercial transport planes');
insert into airplane values('AP108',400,'Commercial transport planes');
insert into airplane values('AP109',400,'Commercial transport planes');
insert into airplane values('AP110',400,'Commercial transport planes');
insert into airplane values('AP111',400,'Commercial transport planes');
insert into airplane values('AP112',400,'Commercial transport planes');
insert into airplane values('AP113',400,'Commercial transport planes');
insert into airplane values('AP114',400,'Commercial transport planes');
insert into airplane values('AP115',400,'Commercial transport planes');
insert into airplane values('AP116',400,'Commercial transport planes');
insert into airplane values('AP117',400,'Commercial transport planes');
insert into airplane values('AP118',400,'Commercial transport planes');
insert into airplane values('AP119',400,'Commercial transport planes');
insert into airplane values('AP120',400,'Commercial transport planes');
insert into airplane values('AP121',400,'Commercial transport planes');
insert into airplane values('AP122',400,'Commercial transport planes');
insert into airplane values('AP123',400,'Commercial transport planes');
insert into airplane values('AP124',400,'Commercial transport planes');
insert into airplane values('AP125',400,'Commercial transport planes');
insert into airplane values('AP126',400,'Commercial transport planes');
insert into airplane values('AP127',400,'Commercial transport planes');
insert into airplane values('AP128',400,'Commercial transport planes');
insert into airplane values('AP129',400,'Commercial transport planes');
insert into airplane values('AP130',400,'Commercial transport planes');
insert into airplane values('AP131',400,'Commercial transport planes');
insert into airplane values('AP132',400,'Commercial transport planes');
insert into airplane values('AP133',400,'Commercial transport planes');
insert into airplane values('AP134',400,'Commercial transport planes');
insert into airplane values('AP135',400,'Commercial transport planes');
insert into airplane values('AP136',400,'Commercial transport planes');
insert into airplane values('AP137',400,'Commercial transport planes');
insert into airplane values('AP138',400,'Commercial transport planes');
insert into airplane values('AP139',400,'Commercial transport planes');
insert into airplane values('AP140',400,'Commercial transport planes');
insert into airplane values('AP141',400,'Commercial transport planes');
insert into airplane values('AP142',400,'Commercial transport planes');
insert into airplane values('AP143',400,'Commercial transport planes');
insert into airplane values('AP144',400,'Commercial transport planes');
insert into airplane values('AP145',400,'Commercial transport planes');
insert into airplane values('AP146',400,'Commercial transport planes');
insert into airplane values('AP147',400,'Commercial transport planes');
insert into airplane values('AP148',400,'Commercial transport planes');
insert into airplane values('AP149',400,'Commercial transport planes');
insert into airplane values('AP150',400,'Commercial transport planes');

insert into flight values('FL0','GoAir','Saturday');
insert into flight values('FL1','KingFisher','Tuesday');
insert into flight values('FL2','GoAir','Saturday');
insert into flight values('FL3','Blue Dart Aviation','Wednesday');
insert into flight values('FL4','KingFisher','Tuesday');
insert into flight values('FL5','SpiceJet','Friday');
insert into flight values('FL6','Air India','Monday');
insert into flight values('FL7','Air India','Monday');
insert into flight values('FL8','IndiGo','Sunday');
insert into flight values('FL9','IndiGo','Sunday');
insert into flight values('FL10','Blue Dart Aviation','Wednesday');
insert into flight values('FL11','GoAir','Saturday');
insert into flight values('FL12','GoAir','Saturday');
insert into flight values('FL13','KingFisher','Tuesday');
insert into flight values('FL14','GoAir','Saturday');
insert into flight values('FL15','IndiGo','Sunday');
insert into flight values('FL16','IndiGo','Sunday');
insert into flight values('FL17','Air India','Monday');
insert into flight values('FL18','Blue Dart Aviation','Wednesday');
insert into flight values('FL19','Air India','Monday');
insert into flight values('FL20','Deccan Charters','Thursday');
insert into flight values('FL21','SpiceJet','Friday');
insert into flight values('FL22','Air India','Monday');
insert into flight values('FL23','Air India','Monday');
insert into flight values('FL24','Deccan Charters','Thursday');
insert into flight values('FL25','KingFisher','Tuesday');
insert into flight values('FL26','GoAir','Saturday');
insert into flight values('FL27','GoAir','Saturday');
insert into flight values('FL28','GoAir','Saturday');
insert into flight values('FL29','GoAir','Saturday');
insert into flight values('FL30','Deccan Charters','Thursday');
insert into flight values('FL31','Blue Dart Aviation','Wednesday');
insert into flight values('FL32','GoAir','Saturday');
insert into flight values('FL33','Blue Dart Aviation','Wednesday');
insert into flight values('FL34','GoAir','Saturday');
insert into flight values('FL35','Air India','Monday');
insert into flight values('FL36','IndiGo','Sunday');
insert into flight values('FL37','KingFisher','Tuesday');
insert into flight values('FL38','Deccan Charters','Thursday');
insert into flight values('FL39','SpiceJet','Friday');
insert into flight values('FL40','IndiGo','Sunday');
insert into flight values('FL41','Blue Dart Aviation','Wednesday');
insert into flight values('FL42','IndiGo','Sunday');
insert into flight values('FL43','SpiceJet','Friday');
insert into flight values('FL44','GoAir','Saturday');
insert into flight values('FL45','Blue Dart Aviation','Wednesday');
insert into flight values('FL46','Blue Dart Aviation','Wednesday');
insert into flight values('FL47','IndiGo','Sunday');
insert into flight values('FL48','Blue Dart Aviation','Wednesday');
insert into flight values('FL49','KingFisher','Tuesday');
insert into flight values('FL50','GoAir','Saturday');
insert into flight values('FL51','Deccan Charters','Thursday');
insert into flight values('FL52','KingFisher','Tuesday');
insert into flight values('FL53','Air India','Monday');
insert into flight values('FL54','GoAir','Saturday');
insert into flight values('FL55','SpiceJet','Friday');
insert into flight values('FL56','GoAir','Saturday');
insert into flight values('FL57','SpiceJet','Friday');
insert into flight values('FL58','KingFisher','Tuesday');
insert into flight values('FL59','Air India','Monday');
insert into flight values('FL60','SpiceJet','Friday');
insert into flight values('FL61','SpiceJet','Friday');
insert into flight values('FL62','SpiceJet','Friday');
insert into flight values('FL63','IndiGo','Sunday');
insert into flight values('FL64','IndiGo','Sunday');
insert into flight values('FL65','KingFisher','Tuesday');
insert into flight values('FL66','Deccan Charters','Thursday');
insert into flight values('FL67','Air India','Monday');
insert into flight values('FL68','KingFisher','Tuesday');
insert into flight values('FL69','GoAir','Saturday');
insert into flight values('FL70','GoAir','Saturday');
insert into flight values('FL71','KingFisher','Tuesday');
insert into flight values('FL72','IndiGo','Sunday');
insert into flight values('FL73','IndiGo','Sunday');
insert into flight values('FL74','IndiGo','Sunday');
insert into flight values('FL75','Deccan Charters','Thursday');
insert into flight values('FL76','GoAir','Saturday');
insert into flight values('FL77','SpiceJet','Friday');
insert into flight values('FL78','Blue Dart Aviation','Wednesday');
insert into flight values('FL79','IndiGo','Sunday');
insert into flight values('FL80','Air India','Monday');
insert into flight values('FL81','IndiGo','Sunday');
insert into flight values('FL82','Air India','Monday');
insert into flight values('FL83','Air India','Monday');
insert into flight values('FL84','Deccan Charters','Thursday');
insert into flight values('FL85','Deccan Charters','Thursday');
insert into flight values('FL86','IndiGo','Sunday');
insert into flight values('FL87','SpiceJet','Friday');
insert into flight values('FL88','Air India','Monday');
insert into flight values('FL89','IndiGo','Sunday');
insert into flight values('FL90','Blue Dart Aviation','Wednesday');
insert into flight values('FL91','SpiceJet','Friday');
insert into flight values('FL92','SpiceJet','Friday');
insert into flight values('FL93','Deccan Charters','Thursday');
insert into flight values('FL94','Blue Dart Aviation','Wednesday');
insert into flight values('FL95','IndiGo','Sunday');
insert into flight values('FL96','IndiGo','Sunday');
insert into flight values('FL97','Deccan Charters','Thursday');
insert into flight values('FL98','IndiGo','Sunday');
insert into flight values('FL99','KingFisher','Tuesday');
insert into flight values('FL100','IndiGo','Sunday');
insert into flight values('FL101','Blue Dart Aviation','Wednesday');
insert into flight values('FL102','KingFisher','Tuesday');
insert into flight values('FL103','GoAir','Saturday');
insert into flight values('FL104','Air India','Monday');
insert into flight values('FL105','SpiceJet','Friday');
insert into flight values('FL106','SpiceJet','Friday');
insert into flight values('FL107','KingFisher','Tuesday');
insert into flight values('FL108','SpiceJet','Friday');
insert into flight values('FL109','Blue Dart Aviation','Wednesday');
insert into flight values('FL110','IndiGo','Sunday');
insert into flight values('FL111','KingFisher','Tuesday');
insert into flight values('FL112','KingFisher','Tuesday');
insert into flight values('FL113','Air India','Monday');
insert into flight values('FL114','Blue Dart Aviation','Wednesday');
insert into flight values('FL115','Air India','Monday');
insert into flight values('FL116','Blue Dart Aviation','Wednesday');
insert into flight values('FL117','Deccan Charters','Thursday');
insert into flight values('FL118','SpiceJet','Friday');
insert into flight values('FL119','SpiceJet','Friday');
insert into flight values('FL120','IndiGo','Sunday');
insert into flight values('FL121','Blue Dart Aviation','Wednesday');
insert into flight values('FL122','KingFisher','Tuesday');
insert into flight values('FL123','KingFisher','Tuesday');
insert into flight values('FL124','GoAir','Saturday');
insert into flight values('FL125','GoAir','Saturday');
insert into flight values('FL126','Air India','Monday');
insert into flight values('FL127','GoAir','Saturday');
insert into flight values('FL128','GoAir','Saturday');
insert into flight values('FL129','IndiGo','Sunday');
insert into flight values('FL130','SpiceJet','Friday');
insert into flight values('FL131','IndiGo','Sunday');
insert into flight values('FL132','SpiceJet','Friday');
insert into flight values('FL133','Blue Dart Aviation','Wednesday');
insert into flight values('FL134','Air India','Monday');
insert into flight values('FL135','IndiGo','Sunday');
insert into flight values('FL136','Deccan Charters','Thursday');
insert into flight values('FL137','SpiceJet','Friday');
insert into flight values('FL138','IndiGo','Sunday');
insert into flight values('FL139','Air India','Monday');
insert into flight values('FL140','Blue Dart Aviation','Wednesday');
insert into flight values('FL141','KingFisher','Tuesday');
insert into flight values('FL142','IndiGo','Sunday');
insert into flight values('FL143','KingFisher','Tuesday');
insert into flight values('FL144','KingFisher','Tuesday');
insert into flight values('FL145','GoAir','Saturday');
insert into flight values('FL146','KingFisher','Tuesday');
insert into flight values('FL147','KingFisher','Tuesday');
insert into flight values('FL148','Blue Dart Aviation','Wednesday');
insert into flight values('FL149','SpiceJet','Friday');

insert into fare values('F1',15000,'Business Class','FL0');
insert into fare values('F2',5000,'Economy Class','FL2');
insert into fare values('F3',15000,'Business Class','FL2');
insert into fare values('F4',15000,'Business Class','FL3');
insert into fare values('F5',8000,'First Class','FL4');
insert into fare values('F6',15000,'Business Class','FL5');
insert into fare values('F7',15000,'Business Class','FL6');
insert into fare values('F8',15000,'Business Class','FL7');
insert into fare values('F9',8000,'First Class','FL8');
insert into fare values('F10',15000,'Business Class','FL9');
insert into fare values('F11',15000,'Business Class','FL10');
insert into fare values('F12',8000,'First Class','FL11');
insert into fare values('F13',5000,'Economy Class','FL13');
insert into fare values('F14',5000,'Economy Class','FL14');
insert into fare values('F15',8000,'First Class','FL14');
insert into fare values('F16',8000,'First Class','FL15');
insert into fare values('F17',8000,'First Class','FL16');
insert into fare values('F18',8000,'First Class','FL17');
insert into fare values('F19',15000,'Business Class','FL18');
insert into fare values('F20',5000,'Economy Class','FL20');
insert into fare values('F21',5000,'Economy Class','FL21');
insert into fare values('F22',5000,'Economy Class','FL22');
insert into fare values('F23',5000,'Economy Class','FL23');
insert into fare values('F24',15000,'Business Class','FL23');
insert into fare values('F25',15000,'Business Class','FL24');
insert into fare values('F26',15000,'Business Class','FL25');
insert into fare values('F27',5000,'Economy Class','FL27');
insert into fare values('F28',8000,'First Class','FL27');
insert into fare values('F29',5000,'Economy Class','FL29');
insert into fare values('F30',8000,'First Class','FL29');
insert into fare values('F31',15000,'Business Class','FL30');
insert into fare values('F32',15000,'Business Class','FL31');
insert into fare values('F33',8000,'First Class','FL32');
insert into fare values('F34',5000,'Economy Class','FL34');
insert into fare values('F35',15000,'Business Class','FL34');
insert into fare values('F36',15000,'Business Class','FL35');
insert into fare values('F37',5000,'Economy Class','FL37');
insert into fare values('F38',15000,'Business Class','FL37');
insert into fare values('F39',8000,'First Class','FL38');
insert into fare values('F40',5000,'Economy Class','FL40');
insert into fare values('F41',5000,'Economy Class','FL41');
insert into fare values('F42',15000,'Business Class','FL41');
insert into fare values('F43',5000,'Economy Class','FL43');
insert into fare values('F44',15000,'Business Class','FL43');
insert into fare values('F45',15000,'Business Class','FL44');
insert into fare values('F46',8000,'First Class','FL45');
insert into fare values('F47',15000,'Business Class','FL46');
insert into fare values('F48',15000,'Business Class','FL47');
insert into fare values('F49',8000,'First Class','FL48');
insert into fare values('F50',5000,'Economy Class','FL50');
insert into fare values('F51',15000,'Business Class','FL50');
insert into fare values('F52',8000,'First Class','FL51');
insert into fare values('F53',8000,'First Class','FL52');
insert into fare values('F54',15000,'Business Class','FL53');
insert into fare values('F55',8000,'First Class','FL54');
insert into fare values('F56',15000,'Business Class','FL55');
insert into fare values('F57',5000,'Economy Class','FL57');
insert into fare values('F58',15000,'Business Class','FL57');
insert into fare values('F59',8000,'First Class','FL58');
insert into fare values('F60',15000,'Business Class','FL59');
insert into fare values('F61',5000,'Economy Class','FL61');
insert into fare values('F62',15000,'Business Class','FL61');
insert into fare values('F63',8000,'First Class','FL62');
insert into fare values('F64',8000,'First Class','FL63');
insert into fare values('F65',15000,'Business Class','FL64');
insert into fare values('F66',5000,'Economy Class','FL66');
insert into fare values('F67',5000,'Economy Class','FL67');
insert into fare values('F68',8000,'First Class','FL67');
insert into fare values('F69',8000,'First Class','FL68');
insert into fare values('F70',5000,'Economy Class','FL70');
insert into fare values('F71',5000,'Economy Class','FL71');
insert into fare values('F72',8000,'First Class','FL71');
insert into fare values('F73',15000,'Business Class','FL72');
insert into fare values('F74',8000,'First Class','FL73');
insert into fare values('F75',15000,'Business Class','FL74');
insert into fare values('F76',15000,'Business Class','FL75');
insert into fare values('F77',5000,'Economy Class','FL77');
insert into fare values('F78',8000,'First Class','FL77');
insert into fare values('F79',5000,'Economy Class','FL79');
insert into fare values('F80',5000,'Economy Class','FL80');
insert into fare values('F81',5000,'Economy Class','FL81');
insert into fare values('F82',8000,'First Class','FL81');
insert into fare values('F83',8000,'First Class','FL82');
insert into fare values('F84',15000,'Business Class','FL83');
insert into fare values('F85',15000,'Business Class','FL84');
insert into fare values('F86',5000,'Economy Class','FL86');
insert into fare values('F87',15000,'Business Class','FL86');
insert into fare values('F88',8000,'First Class','FL87');
insert into fare values('F89',8000,'First Class','FL88');
insert into fare values('F90',15000,'Business Class','FL89');
insert into fare values('F91',8000,'First Class','FL90');
insert into fare values('F92',8000,'First Class','FL91');
insert into fare values('F93',8000,'First Class','FL92');
insert into fare values('F94',5000,'Economy Class','FL94');
insert into fare values('F95',8000,'First Class','FL94');
insert into fare values('F96',8000,'First Class','FL95');
insert into fare values('F97',5000,'Economy Class','FL97');
insert into fare values('F98',15000,'Business Class','FL97');
insert into fare values('F99',8000,'First Class','FL98');
insert into fare values('F100',15000,'Business Class','FL99');
insert into fare values('F101',8000,'First Class','FL100');
insert into fare values('F102',15000,'Business Class','FL101');
insert into fare values('F103',5000,'Economy Class','FL103');
insert into fare values('F104',15000,'Business Class','FL103');
insert into fare values('F105',5000,'Economy Class','FL105');
insert into fare values('F106',8000,'First Class','FL105');
insert into fare values('F107',8000,'First Class','FL106');
insert into fare values('F108',5000,'Economy Class','FL108');
insert into fare values('F109',5000,'Economy Class','FL109');
insert into fare values('F110',15000,'Business Class','FL109');
insert into fare values('F111',5000,'Economy Class','FL111');
insert into fare values('F112',8000,'First Class','FL111');
insert into fare values('F113',15000,'Business Class','FL112');
insert into fare values('F114',15000,'Business Class','FL113');
insert into fare values('F115',5000,'Economy Class','FL115');
insert into fare values('F116',15000,'Business Class','FL115');
insert into fare values('F117',5000,'Economy Class','FL117');
insert into fare values('F118',5000,'Economy Class','FL118');
insert into fare values('F119',5000,'Economy Class','FL119');
insert into fare values('F120',8000,'First Class','FL119');
insert into fare values('F121',8000,'First Class','FL120');
insert into fare values('F122',8000,'First Class','FL121');
insert into fare values('F123',8000,'First Class','FL122');
insert into fare values('F124',15000,'Business Class','FL123');
insert into fare values('F125',15000,'Business Class','FL124');
insert into fare values('F126',5000,'Economy Class','FL126');
insert into fare values('F127',5000,'Economy Class','FL127');
insert into fare values('F128',5000,'Economy Class','FL128');
insert into fare values('F129',8000,'First Class','FL128');
insert into fare values('F130',15000,'Business Class','FL129');
insert into fare values('F131',15000,'Business Class','FL130');
insert into fare values('F132',15000,'Business Class','FL131');
insert into fare values('F133',15000,'Business Class','FL132');
insert into fare values('F134',15000,'Business Class','FL133');
insert into fare values('F135',8000,'First Class','FL134');
insert into fare values('F136',15000,'Business Class','FL135');
insert into fare values('F137',5000,'Economy Class','FL137');
insert into fare values('F138',15000,'Business Class','FL137');
insert into fare values('F139',8000,'First Class','FL138');
insert into fare values('F140',15000,'Business Class','FL139');
insert into fare values('F141',15000,'Business Class','FL140');
insert into fare values('F142',8000,'First Class','FL141');
insert into fare values('F143',15000,'Business Class','FL142');
insert into fare values('F144',5000,'Economy Class','FL144');
insert into fare values('F145',8000,'First Class','FL144');
insert into fare values('F146',8000,'First Class','FL145');
insert into fare values('F147',5000,'Economy Class','FL147');
insert into fare values('F148',15000,'Business Class','FL147');
insert into fare values('F149',15000,'Business Class','FL148');
insert into fare values('F150',15000,'Business Class','FL149');

